π1,π2,π3,π4,f
1156994.6315266269,0.3948689877,0.1764705882,1.0000000000,1.0000000000
704968.3291668540,0.3995761204,0.1764705882,1.0000000000,0.7852218593
475875.4856018888,0.4047376328,0.1764705882,1.0000000000,0.6492938287
272504.0447410348,0.4167611767,0.1764705882,1.0000000000,0.4985835196
170902.8971204110,0.3731155749,0.1764705882,1.0000000000,0.3735977193
112753.9895651570,0.3983080121,0.1764705882,1.0000000000,0.3135330267
76547.4608568297,0.3931612106,0.1764705882,1.0000000000,0.2566602077
43427.5085751268,0.3831957537,0.1764705882,1.0000000000,0.1908537142
26400.8293767903,0.3912490624,0.1764705882,1.0000000000,0.1503637870
16569.8676248257,0.4187545922,0.1764705882,1.0000000000,0.1232387049
10802.7029206916,0.4255926142,0.1764705882,1.0000000000,0.1003162000
6585.3759463257,0.4045336616,0.1764705882,1.0000000000,0.0763616729
3674.6569823868,0.3993587450,0.1764705882,1.0000000000,0.0566758206
2394.3078893927,0.3795830034,0.1764705882,1.0000000000,0.0446016774
1547.5097012167,0.4018863747,0.1764705882,1.0000000000,0.0368957333
972.2864459865,0.3933504553,0.1764705882,1.0000000000,0.0289330861
595.6964072440,0.4083816522,0.1764705882,1.0000000000,0.0230756220
358.3921295377,0.4046120434,0.1764705882,1.0000000000,0.0178158460
228.8555318328,0.3949185577,0.1764705882,1.0000000000,0.0140650828
141.3979613556,0.4283035263,0.1764705882,1.0000000000,0.0115134430
99.3638894834,0.4287427121,0.1764705882,1.0000000000,0.0096565164
50.8797673947,0.4133220033,0.1764705882,1.0000000000,0.0067846061
31.9187111425,0.3912965581,0.1764705882,1.0000000000,0.0052285769
20.6743014816,0.4384192361,0.1764705882,1.0000000000,0.0044541828
12.1778768053,0.4245029070,0.1764705882,1.0000000000,0.0033638292
7.2696569853,0.3741843840,0.1764705882,1.0000000000,0.0024400999
5.0645399744,0.4107520409,0.1764705882,1.0000000000,0.0021338686
3.3529302796,0.4054199997,0.1764705882,1.0000000000,0.0017249347
1.9067363015,0.4115672180,0.1764705882,1.0000000000,0.0013106101
1.2189015041,0.3845552149,0.1764705882,1.0000000000,0.0010129114
1136179.0062917455,0.3749036954,0.1764705882,1.0000000000,0.9655862121
640452.9262692318,0.3877511409,0.1764705882,1.0000000000,0.7372723796
438022.1656212694,0.3923799606,0.1764705882,1.0000000000,0.6133512696
273021.1018911608,0.4246126499,0.1764705882,1.0000000000,0.5037353010
150500.4164875512,0.3560188948,0.1764705882,1.0000000000,0.3424626316
111810.8011257893,0.4113085313,0.1764705882,1.0000000000,0.3172733202
61449.4968096947,0.3853931451,0.1764705882,1.0000000000,0.2276769019
35079.2422206066,0.3720907555,0.1764705882,1.0000000000,0.1690274955
28303.8850087714,0.4165105754,0.1764705882,1.0000000000,0.1606363609
17766.8499278928,0.4393423761,0.1764705882,1.0000000000,0.1307117349
9590.6653428224,0.3850987163,0.1764705882,1.0000000000,0.0899121161
6022.2488157803,0.3763810809,0.1764705882,1.0000000000,0.0704370331
4302.2956620864,0.4102144482,0.1764705882,1.0000000000,0.0621531891
2470.5196811896,0.4240653253,0.1764705882,1.0000000000,0.0478870799
1695.3774586885,0.4325141367,0.1764705882,1.0000000000,0.0400627882
1017.8988524574,0.4300408315,0.1764705882,1.0000000000,0.0309538714
568.1175518578,0.3831343498,0.1764705882,1.0000000000,0.0218274229
369.9338350834,0.4185233614,0.1764705882,1.0000000000,0.0184089787
213.0240164564,0.3860179324,0.1764705882,1.0000000000,0.0134160862
138.9817179111,0.3705856046,0.1764705882,1.0000000000,0.0106177116
87.0840206202,0.4176511637,0.1764705882,1.0000000000,0.0089224454
50.7692898497,0.3766977158,0.1764705882,1.0000000000,0.0064700085
29.3224576254,0.3728373347,0.1764705882,1.0000000000,0.0048917888
22.0253605496,0.4100230481,0.1764705882,1.0000000000,0.0044460410
14.8246343365,0.4052408743,0.1764705882,1.0000000000,0.0036262391
8.2147404053,0.3996657006,0.1764705882,1.0000000000,0.0026807306
4.9719897466,0.4015257574,0.1764705882,1.0000000000,0.0020904011
2.8100677174,0.3826992674,0.1764705882,1.0000000000,0.0015342461
1.7993559982,0.4121862207,0.1764705882,1.0000000000,0.0012741281
1.1824731883,0.4213300692,0.1764705882,1.0000000000,0.0010442745
345891.3195310217,0.1228309533,0.2513368984,0.9251336898,0.3049520503
200117.5128561532,0.1096470339,0.2513368984,0.9251336898,0.2191536999
130061.7230670192,0.1133102225,0.2513368984,0.9251336898,0.1796044582
91860.6166425813,0.1192864527,0.2513368984,0.9251336898,0.1548702698
50815.9907907255,0.1118451039,0.2513368984,0.9251336898,0.1115363690
34646.3489799398,0.1193458999,0.2513368984,0.9251336898,0.0951349960
20850.8994999801,0.1258043639,0.2513368984,0.9251336898,0.0757736252
13057.0014633553,0.1240515449,0.2513368984,0.9251336898,0.0595429887
7488.5346257653,0.1247252706,0.2513368984,0.9251336898,0.0452150966
5853.0111804420,0.1252158942,0.2513368984,0.9251336898,0.0400522780
2968.3858965108,0.1202765683,0.2513368984,0.9251336898,0.0279549364
1836.1560988458,0.1200301740,0.2513368984,0.9251336898,0.0219638178
1102.1939764053,0.1156605598,0.2513368984,0.9251336898,0.0167043460
791.8912165989,0.1171153880,0.2513368984,0.9251336898,0.0142477917
488.6306613792,0.1242895189,0.2513368984,0.9251336898,0.0115296315
279.9127055341,0.1182474413,0.2513368984,0.9251336898,0.0085116743
174.5177539713,0.1147865857,0.2513368984,0.9251336898,0.0066217563
98.1608785101,0.1093263219,0.2513368984,0.9251336898,0.0048466248
64.0999208606,0.1171321254,0.2513368984,0.9251336898,0.0040539144
38.8078564071,0.1044485678,0.2513368984,0.9251336898,0.0029786460
24.1753220651,0.1160159476,0.2513368984,0.9251336898,0.0024777232
16.0320678476,0.1163728822,0.2513368984,0.9251336898,0.0020208240
8.7296340304,0.1174623675,0.2513368984,0.9251336898,0.0014981497
5.5971354689,0.1093173386,0.2513368984,0.9251336898,0.0011572715
3.5695661329,0.1232832106,0.2513368984,0.9251336898,0.0009814485
2.1976350414,0.1180365877,0.2513368984,0.9251336898,0.0007535185
1.3995726644,0.1199601857,0.2513368984,0.9251336898,0.0006062114
0.8622783996,0.1168632951,0.2513368984,0.9251336898,0.0004696460
0.6438463176,0.1239724050,0.2513368984,0.9251336898,0.0004179857
0.3857890465,0.1163522541,0.2513368984,0.9251336898,0.0003134514
334054.5561476524,0.1117721143,0.2513368984,0.9251336898,0.2858796540
206020.4003127189,0.1165812706,0.2513368984,0.9251336898,0.2292858851
141257.7650720878,0.1208556922,0.2513368984,0.9251336898,0.1933069797
91838.2601546139,0.1262234976,0.2513368984,0.9251336898,0.1592904517
49441.2149062453,0.1149949813,0.2513368984,0.9251336898,0.1115557153
33799.9617287286,0.1103014954,0.2513368984,0.9251336898,0.0903351186
18635.2413336080,0.1174573111,0.2513368984,0.9251336898,0.0692174113
13674.7041875281,0.1278385009,0.2513368984,0.9251336898,0.0618582486
8066.1540801972,0.1143566762,0.2513368984,0.9251336898,0.0449336640
5059.5420322775,0.1212581915,0.2513368984,0.9251336898,0.0366453574
2993.2153676626,0.1141980660,0.2513368984,0.9251336898,0.0273530760
2103.4661231806,0.1221283769,0.2513368984,0.9251336898,0.0237128563
1064.2028710122,0.1149832568,0.2513368984,0.9251336898,0.0163658034
659.4056935469,0.1103848748,0.2513368984,0.9251336898,0.0126223130
486.1810910592,0.1261539587,0.2513368984,0.9251336898,0.0115866340
305.0123804602,0.1321746035,0.2513368984,0.9251336898,0.0093937837
183.6124031288,0.1212215633,0.2513368984,0.9251336898,0.0069798930
109.9697978376,0.1211339352,0.2513368984,0.9251336898,0.0053997971
63.8259989804,0.1144967309,0.2513368984,0.9251336898,0.0039994767
50.0363640113,0.1372643007,0.2513368984,0.9251336898,0.0038773007
22.9840921629,0.1064604759,0.2513368984,0.9251336898,0.0023142789
16.9017336368,0.1218157001,0.2513368984,0.9251336898,0.0021228782
10.7641877010,0.1260438882,0.2513368984,0.9251336898,0.0017232939
5.6635166401,0.1168617751,0.2513368984,0.9251336898,0.0012036138
3.6821713398,0.1119855105,0.2513368984,0.9251336898,0.0009500375
2.2645018257,0.1093937268,0.2513368984,0.9251336898,0.0007363603
1.4621240723,0.1275039908,0.2513368984,0.9251336898,0.0006387955
0.9162257664,0.1109999578,0.2513368984,0.9251336898,0.0004718136
0.5931824162,0.1122157630,0.2513368984,0.9251336898,0.0003817059
0.3956206275,0.1112193820,0.2513368984,0.9251336898,0.0003103398
122134.6175283769,0.0447176338,0.3262032086,0.8502673797,0.1093368633
77331.5475258406,0.0443983849,0.3262032086,0.8502673797,0.0866901494
47075.3471822317,0.0459526929,0.3262032086,0.8502673797,0.0688113477
37396.3466495848,0.0516904352,0.3262032086,0.8502673797,0.0650470339
19164.1608940685,0.0428022384,0.3262032086,0.8502673797,0.0423726826
12233.5418949996,0.0454089774,0.3262032086,0.8502673797,0.0348702277
6901.7830956461,0.0434482206,0.3262032086,0.8502673797,0.0256197251
4757.8623306254,0.0474790726,0.3262032086,0.8502673797,0.0222364198
3118.2458317622,0.0458701157,0.3262032086,0.8502673797,0.0176940768
2181.0050567467,0.0511591859,0.3262032086,0.8502673797,0.0156278043
1168.6486218542,0.0444781463,0.3262032086,0.8502673797,0.0106665293
745.6497829156,0.0447166393,0.3262032086,0.8502673797,0.0085429889
459.4163969283,0.0472778200,0.3262032086,0.8502673797,0.0068950875
282.0709450807,0.0450765961,0.3262032086,0.8502673797,0.0052754869
178.0457492092,0.0436534295,0.3262032086,0.8502673797,0.0041246092
94.5130826108,0.0479286913,0.3262032086,0.8502673797,0.0031488470
64.4341203549,0.0425543625,0.3262032086,0.8502673797,0.0024498405
43.2363436209,0.0454479576,0.3262032086,0.8502673797,0.0020739080
24.3743820816,0.0438350915,0.3262032086,0.8502673797,0.0015292750
18.2606979850,0.0488508552,0.3262032086,0.8502673797,0.0013973416
9.3391173481,0.0446531584,0.3262032086,0.8502673797,0.0009554035
5.9918965084,0.0443085379,0.3262032086,0.8502673797,0.0007623136
4.5230843162,0.0457612383,0.3262032086,0.8502673797,0.0006730914
2.3748892429,0.0432726612,0.3262032086,0.8502673797,0.0004742816
1.5675083731,0.0471942198,0.3262032086,0.8502673797,0.0004023992
0.9017468638,0.0423489430,0.3262032086,0.8502673797,0.0002891155
0.5604547533,0.0472464738,0.3262032086,0.8502673797,0.0002407481
0.3794344561,0.0467952241,0.3262032086,0.8502673797,0.0001971410
0.2234515190,0.0461884028,0.3262032086,0.8502673797,0.0001503024
0.1510393313,0.0474326965,0.3262032086,0.8502673797,0.0001252252
129008.7889869348,0.0469698170,0.3262032086,0.8502673797,0.1151666935
66800.5518664857,0.0376765464,0.3262032086,0.8502673797,0.0742221248
50933.3816295316,0.0454393871,0.3262032086,0.8502673797,0.0711746439
31447.6893175965,0.0440851353,0.3262032086,0.8502673797,0.0550868925
20326.3635999662,0.0464444715,0.3262032086,0.8502673797,0.0454574084
12315.9965364147,0.0444553525,0.3262032086,0.8502673797,0.0346182112
6771.9385060744,0.0430509044,0.3262032086,0.8502673797,0.0252612861
4537.9500599545,0.0459012448,0.3262032086,0.8502673797,0.0213525576
3073.4675397410,0.0448423290,0.3262032086,0.8502673797,0.0173686559
2016.9835966457,0.0470591295,0.3262032086,0.8502673797,0.0144138813
1091.4853736145,0.0442480761,0.3262032086,0.8502673797,0.0102816774
771.8812484173,0.0461888092,0.3262032086,0.8502673797,0.0088338789
414.9176296130,0.0452390204,0.3262032086,0.8502673797,0.0064098129
262.6744992376,0.0446498313,0.3262032086,0.8502673797,0.0050667174
167.3024088866,0.0448394276,0.3262032086,0.8502673797,0.0040521820
96.4373293381,0.0421891669,0.3262032086,0.8502673797,0.0029842203
62.5195749704,0.0449771978,0.3262032086,0.8502673797,0.0024809158
39.2793544397,0.0447296662,0.3262032086,0.8502673797,0.0019610462
23.5702320483,0.0431216233,0.3262032086,0.8502673797,0.0014915482
13.4625441566,0.0417824269,0.3262032086,0.8502673797,0.0011096045
10.5294787337,0.0460365968,0.3262032086,0.8502673797,0.0010300608
5.6394171979,0.0461344680,0.3262032086,0.8502673797,0.0007546363
3.5639466784,0.0423682831,0.3262032086,0.8502673797,0.0005749020
2.3663180970,0.0454522134,0.3262032086,0.8502673797,0.0004852012
1.3554438917,0.0469349663,0.3262032086,0.8502673797,0.0003731615
1.0954281050,0.0503498896,0.3262032086,0.8502673797,0.0003474554
0.5495768143,0.0435402739,0.3262032086,0.8502673797,0.0002288588
0.3179994188,0.0453846624,0.3262032086,0.8502673797,0.0001777361
0.2235455833,0.0459982525,0.3262032086,0.8502673797,0.0001500243
0.1341840591,0.0478147846,0.3262032086,0.8502673797,0.0001185057
72130.3543575882,0.0224972245,0.4010695187,0.7754010695,0.0595979497
34600.5675013031,0.0199755261,0.4010695187,0.7754010695,0.0388954266
23194.4700546229,0.0193950381,0.4010695187,0.7754010695,0.0313794524
13832.8264084971,0.0197088363,0.4010695187,0.7754010695,0.0244283295
9746.4806864868,0.0212006242,0.4010695187,0.7754010695,0.0212669912
5325.2070908364,0.0199601813,0.4010695187,0.7754010695,0.0152531066
3532.3782916967,0.0217984064,0.4010695187,0.7754010695,0.0129823643
2218.3542442169,0.0197529600,0.4010695187,0.7754010695,0.0097935322
1302.4579873493,0.0211029957,0.4010695187,0.7754010695,0.0077564274
863.2816865111,0.0215761615,0.4010695187,0.7754010695,0.0063851510
508.3452503295,0.0189066016,0.4010695187,0.7754010695,0.0045866324
337.4933522871,0.0204830005,0.4010695187,0.7754010695,0.0038898891
202.4383942298,0.0198679375,0.4010695187,0.7754010695,0.0029670895
126.2309327047,0.0197360474,0.4010695187,0.7754010695,0.0023351824
82.5082433911,0.0207353848,0.4010695187,0.7754010695,0.0019351406
44.0852452478,0.0198746730,0.4010695187,0.7754010695,0.0013848554
28.9285346280,0.0197749705,0.4010695187,0.7754010695,0.0011189971
17.7720179655,0.0204487487,0.4010695187,0.7754010695,0.0008918864
9.7593700591,0.0192728160,0.4010695187,0.7754010695,0.0006416398
7.0477165914,0.0208149001,0.4010695187,0.7754010695,0.0005666556
4.6027817868,0.0209606447,0.4010695187,0.7754010695,0.0004595368
3.2927161582,0.0226330342,0.4010695187,0.7754010695,0.0004038837
1.9147328244,0.0213160739,0.4010695187,0.7754010695,0.0002988928
1.1870610566,0.0215638027,0.4010695187,0.7754010695,0.0002367048
0.6711792290,0.0205198830,0.4010695187,0.7754010695,0.0001736259
0.4255869627,0.0215098593,0.4010695187,0.7754010695,0.0001415535
0.2205604293,0.0175511110,0.4010695187,0.7754010695,0.0000920500
0.1646187912,0.0205459578,0.4010695187,0.7754010695,0.0000860420
0.1032722331,0.0211570391,0.4010695187,0.7754010695,0.0000691556
0.0561343971,0.0202083829,0.4010695187,0.7754010695,0.0000498297
70430.4516054660,0.0218167087,0.4010695187,0.7754010695,0.0579939471
34456.5484647872,0.0200555981,0.4010695187,0.7754010695,0.0388921104
20071.5591593383,0.0200058377,0.4010695187,0.7754010695,0.0296467260
15291.2615373079,0.0201998307,0.4010695187,0.7754010695,0.0260017954
7995.7361148235,0.0194256670,0.4010695187,0.7754010695,0.0184384755
4721.6314788177,0.0194654599,0.4010695187,0.7754010695,0.0141835908
3345.4964168174,0.0209196948,0.4010695187,0.7754010695,0.0123770109
2280.8096283473,0.0214879991,0.4010695187,0.7754010695,0.0103573898
1556.9519455417,0.0217877211,0.4010695187,0.7754010695,0.0086169054
806.6752666777,0.0198131577,0.4010695187,0.7754010695,0.0059147179
516.9103987979,0.0214658436,0.4010695187,0.7754010695,0.0049282125
336.0351085089,0.0224983798,0.4010695187,0.7754010695,0.0040679515
197.6233803769,0.0217071893,0.4010695187,0.7754010695,0.0030642823
127.5301119450,0.0204666029,0.4010695187,0.7754010695,0.0023902155
73.6682290360,0.0203398344,0.4010695187,0.7754010695,0.0018110133
47.5151224374,0.0207962718,0.4010695187,0.7754010695,0.0014706742
27.8187176850,0.0202547277,0.4010695187,0.7754010695,0.0011105537
17.8967585608,0.0195319792,0.4010695187,0.7754010695,0.0008747181
12.6895303917,0.0215870085,0.4010695187,0.7754010695,0.0007743313
7.3645116650,0.0211749040,0.4010695187,0.7754010695,0.0005842390
4.2921643184,0.0184776418,0.4010695187,0.7754010695,0.0004166480
3.0640517627,0.0215591810,0.4010695187,0.7754010695,0.0003802524
1.6089512834,0.0206987485,0.4010695187,0.7754010695,0.0002699923
1.0922711541,0.0202252508,0.4010695187,0.7754010695,0.0002198974
0.6510885126,0.0200098474,0.4010695187,0.7754010695,0.0001688689
0.4499338586,0.0195031867,0.4010695187,0.7754010695,0.0001385910
0.2738186450,0.0219616524,0.4010695187,0.7754010695,0.0001147286
0.1655450615,0.0218351994,0.4010695187,0.7754010695,0.0000889497
0.0978501681,0.0201025609,0.4010695187,0.7754010695,0.0000656167
0.0777257257,0.0208353304,0.4010695187,0.7754010695,0.0000595375
31027.7930074318,0.0108605638,0.4759358289,0.7005347594,0.0271587290
18859.8930584454,0.0099907332,0.4759358289,0.7005347594,0.0203084187
11136.7020075920,0.0093758518,0.4759358289,0.7005347594,0.0151179005
7212.8702236329,0.0097737514,0.4759358289,0.7005347594,0.0124220284
4025.7764773411,0.0099449102,0.4759358289,0.7005347594,0.0093612335
2863.5530579251,0.0100146018,0.4759358289,0.7005347594,0.0079227741
1606.8469155384,0.0096132152,0.4759358289,0.7005347594,0.0058147279
888.4573386898,0.0090479021,0.4759358289,0.7005347594,0.0041946917
680.0505830487,0.0102800352,0.4759358289,0.7005347594,0.0039117917
444.9994088662,0.0101250555,0.4759358289,0.7005347594,0.0031404092
237.0846948448,0.0101719510,0.4759358289,0.7005347594,0.0022975327
165.9871580268,0.0095882727,0.4759358289,0.7005347594,0.0018664452
91.0576042289,0.0100932549,0.4759358289,0.7005347594,0.0014183439
61.3606340803,0.0101656126,0.4759358289,0.7005347594,0.0011684752
34.4336381174,0.0095977390,0.4759358289,0.7005347594,0.0008505184
23.7099084546,0.0100151267,0.4759358289,0.7005347594,0.0007209431
14.7448150767,0.0098776887,0.4759358289,0.7005347594,0.0005646186
7.8637744244,0.0094740874,0.4759358289,0.7005347594,0.0004038239
5.4221958935,0.0109235278,0.4759358289,0.7005347594,0.0003600617
3.7866887208,0.0098739585,0.4759358289,0.7005347594,0.0002860772
2.0152340702,0.0095726399,0.4759358289,0.7005347594,0.0002054880
1.3709967918,0.0098264951,0.4759358289,0.7005347594,0.0001717218
0.7684580172,0.0096928387,0.4759358289,0.7005347594,0.0001276860
0.4653569013,0.0100890826,0.4759358289,0.7005347594,0.0001013740
0.3438237373,0.0106911807,0.4759358289,0.7005347594,0.0000896992
0.1936406162,0.0101291995,0.4759358289,0.7005347594,0.0000655230
0.1369052475,0.0108879756,0.4759358289,0.7005347594,0.0000571204
0.0717686359,0.0098433111,0.4759358289,0.7005347594,0.0000393229
0.0529428106,0.0101311269,0.4759358289,0.7005347594,0.0000342642
0.0288574202,0.0091264052,0.4759358289,0.7005347594,0.0000240097
30275.6507131845,0.0100847444,0.4759358289,0.7005347594,0.0258515749
17120.8658541370,0.0100852390,0.4759358289,0.7005347594,0.0194407840
10145.9236256617,0.0093526165,0.4759358289,0.7005347594,0.0144118646
7084.3838715540,0.0100057593,0.4759358289,0.7005347594,0.0124561515
4170.3575239718,0.0100016826,0.4759358289,0.7005347594,0.0095550066
2519.5540080895,0.0096962611,0.4759358289,0.7005347594,0.0073125997
1682.7102395396,0.0101522327,0.4759358289,0.7005347594,0.0061149550
1137.1285648096,0.0100314713,0.4759358289,0.7005347594,0.0049968339
601.9163938649,0.0090407848,0.4759358289,0.7005347594,0.0034512702
373.9443508427,0.0097655168,0.4759358289,0.7005347594,0.0028272155
258.6782501106,0.0097579723,0.4759358289,0.7005347594,0.0023505395
166.3367003273,0.0107225178,0.4759358289,0.7005347594,0.0019758330
99.8920511197,0.0101814859,0.4759358289,0.7005347594,0.0014920345
56.7343420368,0.0102126610,0.4759358289,0.7005347594,0.0011261605
34.1164885008,0.0097096994,0.4759358289,0.7005347594,0.0008515161
22.0246353286,0.0099150337,0.4759358289,0.7005347594,0.0006913680
12.8107415920,0.0094571700,0.4759358289,0.7005347594,0.0005149624
9.9616226001,0.0105950608,0.4759358289,0.7005347594,0.0004806452
5.5066163186,0.0097669441,0.4759358289,0.7005347594,0.0003431070
3.3088728166,0.0096068577,0.4759358289,0.7005347594,0.0002637780
1.8532963350,0.0093417585,0.4759358289,0.7005347594,0.0001946680
1.3625086352,0.0101178460,0.4759358289,0.7005347594,0.0001737087
0.7966820467,0.0095528502,0.4759358289,0.7005347594,0.0001290675
0.5507495989,0.0101576239,0.4759358289,0.7005347594,0.0001106575
0.3492026569,0.0102704225,0.4759358289,0.7005347594,0.0000886014
0.2103590319,0.0096717408,0.4759358289,0.7005347594,0.0000667330
0.1148854455,0.0093404296,0.4759358289,0.7005347594,0.0000484645
0.0731330046,0.0099347202,0.4759358289,0.7005347594,0.0000398788
0.0466257522,0.0092167346,0.4759358289,0.7005347594,0.0000306697
0.0323310113,0.0099694024,0.4759358289,0.7005347594,0.0000265615
15125.2016039484,0.0047797185,0.5508021390,0.6256684492,0.0125793894
10660.5304646704,0.0057345006,0.5508021390,0.6256684492,0.0115676469
5953.0054488104,0.0053162682,0.5508021390,0.6256684492,0.0083229905
3715.0487133873,0.0053216041,0.5508021390,0.6256684492,0.0065782648
2383.7350288872,0.0050083177,0.5508021390,0.6256684492,0.0051119046
1372.5016377882,0.0051127113,0.5508021390,0.6256684492,0.0039191319
847.9283590393,0.0049497244,0.5508021390,0.6256684492,0.0030309440
525.8240043078,0.0049229889,0.5508021390,0.6256684492,0.0023803589
364.0754527929,0.0048206093,0.5508021390,0.6256684492,0.0019599928
218.0434671690,0.0055316144,0.5508021390,0.6256684492,0.0016248202
116.1643076541,0.0051421098,0.5508021390,0.6256684492,0.0011434438
79.3907512448,0.0053549685,0.5508021390,0.6256684492,0.0009646532
47.5997595144,0.0047007826,0.5508021390,0.6256684492,0.0006998344
28.2143032232,0.0046857035,0.5508021390,0.6256684492,0.0005379351
20.1458272866,0.0052752817,0.5508021390,0.6256684492,0.0004823066
12.9852969675,0.0051255669,0.5508021390,0.6256684492,0.0003816847
6.9885750347,0.0052106378,0.5508021390,0.6256684492,0.0002823239
4.6562164271,0.0053546424,0.5508021390,0.6256684492,0.0002336090
2.5893382262,0.0051561927,0.5508021390,0.6256684492,0.0001709491
1.6395699048,0.0051009116,0.5508021390,0.6256684492,0.0001352997
1.1543381570,0.0051984952,0.5508021390,0.6256684492,0.0001146075
0.6881916264,0.0049727468,0.5508021390,0.6256684492,0.0000865487
0.3921608902,0.0045624441,0.5508021390,0.6256684492,0.0000625805
0.2456877730,0.0048039530,0.5508021390,0.6256684492,0.0000508275
0.1769951439,0.0055021048,0.5508021390,0.6256684492,0.0000461693
0.1019978811,0.0049805159,0.5508021390,0.6256684492,0.0000333458
0.0597326721,0.0052590589,0.5508021390,0.6256684492,0.0000262221
0.0362938446,0.0050272599,0.5508021390,0.6256684492,0.0000199843
0.0224753164,0.0049447918,0.5508021390,0.6256684492,0.0000155968
0.0162093834,0.0052722611,0.5508021390,0.6256684492,0.0000136770
16272.1462064923,0.0053173846,0.5508021390,0.6256684492,0.0137619277
7470.7164180864,0.0047035523,0.5508021390,0.6256684492,0.0087700471
6446.5316664581,0.0054120771,0.5508021390,0.6256684492,0.0087388214
3868.1059373143,0.0054231680,0.5508021390,0.6256684492,0.0067761580
2427.3010054701,0.0052027789,0.5508021390,0.6256684492,0.0052575973
1418.0233481835,0.0051533358,0.5508021390,0.6256684492,0.0039993897
799.2734143420,0.0048144672,0.5508021390,0.6256684492,0.0029022152
615.5916980277,0.0054881319,0.5508021390,0.6256684492,0.0027193585
330.1348082309,0.0051445767,0.5508021390,0.6256684492,0.0019280944
211.8442463228,0.0052093388,0.5508021390,0.6256684492,0.0015542020
131.4186033030,0.0048679577,0.5508021390,0.6256684492,0.0011833402
74.5805142777,0.0051561475,0.5508021390,0.6256684492,0.0009174516
45.8276634607,0.0049646500,0.5508021390,0.6256684492,0.0007056933
28.9176681311,0.0052064073,0.5508021390,0.6256684492,0.0005740616
19.1433861621,0.0052596407,0.5508021390,0.6256684492,0.0004694564
11.3763120329,0.0046615142,0.5508021390,0.6256684492,0.0003407000
8.5558595425,0.0055519695,0.5508021390,0.6256684492,0.0003224506
4.1737645476,0.0050293002,0.5508021390,0.6256684492,0.0002143510
3.0579346468,0.0053895263,0.5508021390,0.6256684492,0.0001899316
1.6762413232,0.0047954360,0.5508021390,0.6256684492,0.0001326448
1.0438778312,0.0052408684,0.5508021390,0.6256684492,0.0001094295
0.7818756519,0.0050377983,0.5508021390,0.6256684492,0.0000928532
0.4307040449,0.0052419424,0.5508021390,0.6256684492,0.0000702981
0.2528173009,0.0049572136,0.5508021390,0.6256684492,0.0000523757
0.1671469335,0.0051933153,0.5508021390,0.6256684492,0.0000435892
0.1013193845,0.0050230583,0.5508021390,0.6256684492,0.0000333763
0.0558094360,0.0048807865,0.5508021390,0.6256684492,0.0000244178
0.0361402844,0.0046231470,0.5508021390,0.6256684492,0.0000191237
0.0245464195,0.0053337599,0.5508021390,0.6256684492,0.0000169285
0.0153052086,0.0053576827,0.5508021390,0.6256684492,0.0000133973
7914.1725250790,0.0027525470,0.6256684492,0.5508021390,0.0069052268
4757.7393228982,0.0026698853,0.6256684492,0.5508021390,0.0052729595
2819.1902197338,0.0026590591,0.6256684492,0.5508021390,0.0040507365
2179.3166190256,0.0028232540,0.6256684492,0.5508021390,0.0036698047
1013.4237350298,0.0025789785,0.6256684492,0.5508021390,0.0023918130
717.3531814963,0.0026146464,0.6256684492,0.5508021390,0.0020261930
469.8837310187,0.0027120523,0.6256684492,0.5508021390,0.0016701368
302.3467603740,0.0026685048,0.6256684492,0.5508021390,0.0013289066
187.5599498541,0.0026300153,0.6256684492,0.5508021390,0.0010390992
111.7613885082,0.0025662561,0.6256684492,0.5508021390,0.0007923256
80.3121165139,0.0028759092,0.6256684492,0.5508021390,0.0007110267
37.2981809821,0.0024584425,0.6256684492,0.5508021390,0.0004480038
26.3443068926,0.0026166095,0.6256684492,0.5508021390,0.0003884371
15.8264111825,0.0025169737,0.6256684492,0.5508021390,0.0002952830
9.4983167005,0.0026527807,0.6256684492,0.5508021390,0.0002348453
6.2841026074,0.0027780231,0.6256684492,0.5508021390,0.0001954778
3.2874336678,0.0024710878,0.6256684492,0.5508021390,0.0001333461
2.3305530643,0.0028830338,0.6256684492,0.5508021390,0.0001212725
1.6411218200,0.0030482948,0.6256684492,0.5508021390,0.0001046422
0.9636406509,0.0028192676,0.6256684492,0.5508021390,0.0000771141
0.6432732279,0.0028637204,0.6256684492,0.5508021390,0.0000634996
0.3495061781,0.0026454590,0.6256684492,0.5508021390,0.0000449869
0.1945129690,0.0026648983,0.6256684492,0.5508021390,0.0000336839
0.1378220747,0.0026792659,0.6256684492,0.5508021390,0.0000284299
0.0929319598,0.0027786686,0.6256684492,0.5508021390,0.0000237744
0.0522993159,0.0027542064,0.6256684492,0.5508021390,0.0000177564
0.0404152992,0.0028457086,0.6256684492,0.5508021390,0.0000158663
0.0199051607,0.0025461948,0.6256684492,0.5508021390,0.0000105326
0.0127602424,0.0027830943,0.6256684492,0.5508021390,0.0000088166
0.0096234431,0.0030619342,0.6256684492,0.5508021390,0.0000080310
7876.6228082592,0.0024812210,0.6256684492,0.5508021390,0.0065404942
5707.9797107152,0.0029050218,0.6256684492,0.5508021390,0.0060245377
3056.0600778058,0.0026559385,0.6256684492,0.5508021390,0.0042150018
1863.9163225466,0.0026262848,0.6256684492,0.5508021390,0.0032733462
1199.3013546984,0.0026204346,0.6256684492,0.5508021390,0.0026227605
744.1837642157,0.0028474497,0.6256684492,0.5508021390,0.0021536541
494.0380754058,0.0027383687,0.6256684492,0.5508021390,0.0017208142
257.1266395118,0.0025633460,0.6256684492,0.5508021390,0.0012011160
172.9154346063,0.0025689515,0.6256684492,0.5508021390,0.0009860584
119.1889262822,0.0027196256,0.6256684492,0.5508021390,0.0008423262
73.5144903413,0.0027925568,0.6256684492,0.5508021390,0.0006703403
43.2829149408,0.0027622142,0.6256684492,0.5508021390,0.0005115578
25.9131763399,0.0026212504,0.6256684492,0.5508021390,0.0003855870
16.4078233996,0.0027051345,0.6256684492,0.5508021390,0.0003116935
10.8033038328,0.0027641449,0.6256684492,0.5508021390,0.0002556622
6.0671116183,0.0027272831,0.6256684492,0.5508021390,0.0001903110
3.4176430983,0.0026216008,0.6256684492,0.5508021390,0.0001400408
2.3055249393,0.0026510760,0.6256684492,0.5508021390,0.0001156655
1.4261936850,0.0025958272,0.6256684492,0.5508021390,0.0000900192
0.8834519755,0.0027297344,0.6256684492,0.5508021390,0.0000726540
0.5081148847,0.0025398350,0.6256684492,0.5508021390,0.0000531486
0.3557162468,0.0025877176,0.6256684492,0.5508021390,0.0000448867
0.2236407163,0.0026137214,0.6256684492,0.5508021390,0.0000357695
0.1401522446,0.0027034926,0.6256684492,0.5508021390,0.0000287985
0.0843223365,0.0026317059,0.6256684492,0.5508021390,0.0000220393
0.0554845356,0.0028269300,0.6256684492,0.5508021390,0.0000185290
0.0352108874,0.0027059612,0.6256684492,0.5508021390,0.0000144413
0.0212986355,0.0027699633,0.6256684492,0.5508021390,0.0000113637
0.0129026994,0.0027037434,0.6256684492,0.5508021390,0.0000087384
0.0084870959,0.0027088123,0.6256684492,0.5508021390,0.0000070938
4608.0955562453,0.0014768785,0.7005347594,0.4759358289,0.0038595879
2660.4772607150,0.0014421549,0.7005347594,0.4759358289,0.0028979677
1799.6313980023,0.0014983034,0.7005347594,0.4759358289,0.0024294025
1019.2458846655,0.0015026373,0.7005347594,0.4759358289,0.0018309411
551.4851502294,0.0014355091,0.7005347594,0.4759358289,0.0013163692
362.8870353043,0.0014304001,0.7005347594,0.4759358289,0.0010659143
242.4297287656,0.0014658166,0.7005347594,0.4759358289,0.0008819431
153.9658271200,0.0014874429,0.7005347594,0.4759358289,0.0007080112
95.9262140288,0.0014422325,0.7005347594,0.4759358289,0.0005502932
61.6932024243,0.0015707268,0.7005347594,0.4759358289,0.0004605500
34.8390033471,0.0013150033,0.7005347594,0.4759358289,0.0003166679
23.2812309486,0.0014457704,0.7005347594,0.4759358289,0.0002714316
13.8990627384,0.0014459360,0.7005347594,0.4759358289,0.0002097370
8.4921946689,0.0015112674,0.7005347594,0.4759358289,0.0001676056
5.2824728708,0.0014058877,0.7005347594,0.4759358289,0.0001274975
3.3583985369,0.0014138709,0.7005347594,0.4759358289,0.0001019480
1.9484334912,0.0013304460,0.7005347594,0.4759358289,0.0000753268
1.2997138645,0.0014090322,0.7005347594,0.4759358289,0.0000633129
0.8008729610,0.0014211019,0.7005347594,0.4759358289,0.0000499117
0.4658066482,0.0014015111,0.7005347594,0.4759358289,0.0000378015
0.3262629099,0.0014788219,0.7005347594,0.4759358289,0.0000324975
0.1969278786,0.0014549514,0.7005347594,0.4759358289,0.0000250430
0.1170309755,0.0014699811,0.7005347594,0.4759358289,0.0000194050
0.0722601629,0.0014252260,0.7005347594,0.4759358289,0.0000150141
0.0445482881,0.0014519855,0.7005347594,0.4759358289,0.0000118988
0.0292262031,0.0014284872,0.7005347594,0.4759358289,0.0000095594
0.0181910673,0.0013717418,0.7005347594,0.4759358289,0.0000073905
0.0119234258,0.0013911988,0.7005347594,0.4759358289,0.0000060256
0.0061421802,0.0013998215,0.7005347594,0.4759358289,0.0000043382
0.0040524472,0.0014390778,0.7005347594,0.4759358289,0.0000035728
4738.2282730382,0.0015388871,0.7005347594,0.4759358289,0.0039950221
2334.4984994626,0.0013185801,0.7005347594,0.4759358289,0.0025957202
1458.9235365838,0.0013639787,0.7005347594,0.4759358289,0.0020870261
1063.5434064180,0.0014881760,0.7005347594,0.4759358289,0.0018612837
680.4963325508,0.0015221027,0.7005347594,0.4759358289,0.0015057147
346.5293576634,0.0013301634,0.7005347594,0.4759358289,0.0010044546
254.3064381844,0.0014597268,0.7005347594,0.4759358289,0.0009014098
154.9929240494,0.0014238035,0.7005347594,0.4759358289,0.0006950064
91.0262996854,0.0014622623,0.7005347594,0.4759358289,0.0005397640
62.2318599945,0.0014519044,0.7005347594,0.4759358289,0.0004447165
35.3917710938,0.0013544374,0.7005347594,0.4759358289,0.0003239205
24.4408781989,0.0014600835,0.7005347594,0.4759358289,0.0002794828
14.0085457625,0.0014396753,0.7005347594,0.4759358289,0.0002101051
9.2155143472,0.0014261088,0.7005347594,0.4759358289,0.0001696071
5.4784705092,0.0013741379,0.7005347594,0.4759358289,0.0001283668
3.1558472362,0.0013430954,0.7005347594,0.4759358289,0.0000963206
2.2621380669,0.0016298548,0.7005347594,0.4759358289,0.0000898342
1.1924990966,0.0013661574,0.7005347594,0.4759358289,0.0000597155
0.7541443082,0.0013315926,0.7005347594,0.4759358289,0.0000468836
0.5225448522,0.0014762629,0.7005347594,0.4759358289,0.0000410914
0.2835367684,0.0013669224,0.7005347594,0.4759358289,0.0000291262
0.1998900903,0.0015249631,0.7005347594,0.4759358289,0.0000258305
0.1036640372,0.0013897328,0.7005347594,0.4759358289,0.0000177577
0.0782318904,0.0014432146,0.7005347594,0.4759358289,0.0000157205
0.0534017046,0.0014015823,0.7005347594,0.4759358289,0.0000127995
0.0283777800,0.0014066197,0.7005347594,0.4759358289,0.0000093473
0.0192724265,0.0014217399,0.7005347594,0.4759358289,0.0000077444
0.0119891053,0.0014948668,0.7005347594,0.4759358289,0.0000062633
0.0071286837,0.0014191390,0.7005347594,0.4759358289,0.0000047057
0.0044331059,0.0014807559,0.7005347594,0.4759358289,0.0000037906
2548.5731187437,0.0007409727,0.7754010695,0.4010695187,0.0020330940
1296.6089911767,0.0007401927,0.7754010695,0.4010695187,0.0014493883
955.9620417616,0.0007661094,0.7754010695,0.4010695187,0.0012661161
515.2485979264,0.0007435757,0.7754010695,0.4010695187,0.0009157540
341.9047765046,0.0007262987,0.7754010695,0.4010695187,0.0007372555
200.4630899273,0.0007214178,0.7754010695,0.4010695187,0.0005626243
137.8175708735,0.0007252604,0.7754010695,0.4010695187,0.0004677428
77.5667815298,0.0007348322,0.7754010695,0.4010695187,0.0003532155
49.6554439921,0.0007568599,0.7754010695,0.4010695187,0.0002868131
32.3427729224,0.0008415004,0.7754010695,0.4010695187,0.0002440752
16.9365485416,0.0007025938,0.7754010695,0.4010695187,0.0001613884
13.7617610576,0.0007501493,0.7754010695,0.4010695187,0.0001503207
6.8786780962,0.0007111632,0.7754010695,0.4010695187,0.0001034773
4.3048306954,0.0007253460,0.7754010695,0.4010695187,0.0000826720
2.7116950471,0.0007415333,0.7754010695,0.4010695187,0.0000663428
1.5692626212,0.0006907904,0.7754010695,0.4010695187,0.0000487112
1.1097058116,0.0007481225,0.7754010695,0.4010695187,0.0000426283
0.8093122777,0.0008280833,0.7754010695,0.4010695187,0.0000383004
0.4650403129,0.0008079467,0.7754010695,0.4010695187,0.0000286777
0.2683104766,0.0007450859,0.7754010695,0.4010695187,0.0000209185
0.1531693552,0.0007652408,0.7754010695,0.4010695187,0.0000160174
0.1007623665,0.0007637934,0.7754010695,0.4010695187,0.0000129791
0.0664923557,0.0007391667,0.7754010695,0.4010695187,0.0000103721
0.0414902086,0.0007611829,0.7754010695,0.4010695187,0.0000083143
0.0248347113,0.0007520496,0.7754010695,0.4010695187,0.0000063938
0.0150027039,0.0007523410,0.7754010695,0.4010695187,0.0000049705
0.0090113418,0.0007295244,0.7754010695,0.4010695187,0.0000037933
0.0059455757,0.0007290904,0.7754010695,0.4010695187,0.0000030803
0.0034234579,0.0007679548,0.7754010695,0.4010695187,0.0000023989
0.0023016505,0.0008075688,0.7754010695,0.4010695187,0.0000020171
2449.9658616511,0.0007731651,0.7754010695,0.4010695187,0.0020362165
1449.4751464895,0.0007412059,0.7754010695,0.4010695187,0.0015334959
903.6435291329,0.0008170598,0.7754010695,0.4010695187,0.0012712569
555.8871267086,0.0007501365,0.7754010695,0.4010695187,0.0009553693
286.6074971029,0.0006995972,0.7754010695,0.4010695187,0.0006624843
198.0343918446,0.0007421721,0.7754010695,0.4010695187,0.0005671925
135.5604604215,0.0007592466,0.7754010695,0.4010695187,0.0004746416
73.0750571843,0.0007201001,0.7754010695,0.4010695187,0.0003393820
48.5337716491,0.0007602625,0.7754010695,0.4010695187,0.0002841918
35.5938667318,0.0008145745,0.7754010695,0.4010695187,0.0002519189
17.0339189170,0.0007219812,0.7754010695,0.4010695187,0.0001640696
12.6915588147,0.0007833146,0.7754010695,0.4010695187,0.0001475141
6.8794896486,0.0006874641,0.7754010695,0.4010695187,0.0001017445
4.2712771450,0.0007540320,0.7754010695,0.4010695187,0.0000839618
2.5637264387,0.0007672935,0.7754010695,0.4010695187,0.0000656182
2.0014638208,0.0008701984,0.7754010695,0.4010695187,0.0000617434
1.0491056068,0.0007186725,0.7754010695,0.4010695187,0.0000406240
0.7059972998,0.0007977416,0.7754010695,0.4010695187,0.0000351108
0.4303819252,0.0007202397,0.7754010695,0.4010695187,0.0000260479
0.2163568325,0.0006423485,0.7754010695,0.4010695187,0.0000174413
0.1799576648,0.0007842855,0.7754010695,0.4010695187,0.0000175764
0.0960502168,0.0006948360,0.7754010695,0.4010695187,0.0000120864
0.0518593412,0.0007023804,0.7754010695,0.4010695187,0.0000089291
0.0392898219,0.0007397901,0.7754010695,0.4010695187,0.0000079763
0.0235315403,0.0007399112,0.7754010695,0.4010695187,0.0000061734
0.0150766026,0.0007558802,0.7754010695,0.4010695187,0.0000049944
0.0093828383,0.0007572363,0.7754010695,0.4010695187,0.0000039436
0.0068033353,0.0007705219,0.7754010695,0.4010695187,0.0000033874
0.0034979199,0.0006763350,0.7754010695,0.4010695187,0.0000022756
0.0019206998,0.0007068051,0.7754010695,0.4010695187,0.0000017238
1062.5275212260,0.0003638083,0.8502673797,0.3262032086,0.0009198441
739.7555761282,0.0003873923,0.8502673797,0.3262032086,0.0007920041
467.1075012597,0.0003852486,0.8502673797,0.3262032086,0.0006276056
276.9996292978,0.0004008060,0.8502673797,0.3262032086,0.0004929632
178.5270859880,0.0003984509,0.8502673797,0.3262032086,0.0003945911
100.6786719711,0.0004093577,0.8502673797,0.3262032086,0.0003003503
63.2274379322,0.0003867249,0.8502673797,0.3262032086,0.0002313458
37.4755722399,0.0004227852,0.8502673797,0.3262032086,0.0001862266
27.0808929004,0.0003960086,0.8502673797,0.3262032086,0.0001532116
14.8462888325,0.0003795054,0.8502673797,0.3262032086,0.0001110518
9.6701884623,0.0003874725,0.8502673797,0.3262032086,0.0000905619
5.6528366803,0.0003822956,0.8502673797,0.3262032086,0.0000687766
3.8585178212,0.0004053954,0.8502673797,0.3262032086,0.0000585137
2.2998753484,0.0003885832,0.8502673797,0.3262032086,0.0000442285
1.4484871862,0.0004103127,0.8502673797,0.3262032086,0.0000360680
0.8328615070,0.0003853367,0.8502673797,0.3262032086,0.0000265042
0.5075440044,0.0003556961,0.8502673797,0.3262032086,0.0000198785
0.3165413516,0.0003590275,0.8502673797,0.3262032086,0.0000157720
0.2314601126,0.0003906389,0.8502673797,0.3262032086,0.0000140680
0.1347860681,0.0003871722,0.8502673797,0.3262032086,0.0000106877
0.0895973525,0.0004015452,0.8502673797,0.3262032086,0.0000088741
0.0530912642,0.0004012753,0.8502673797,0.3262032086,0.0000068287
0.0303474726,0.0003812768,0.8502673797,0.3262032086,0.0000050326
0.0200604287,0.0003787364,0.8502673797,0.3262032086,0.0000040780
0.0119087169,0.0003915648,0.8502673797,0.3262032086,0.0000031948
0.0084883378,0.0003980409,0.8502673797,0.3262032086,0.0000027195
0.0049178900,0.0003938770,0.8502673797,0.3262032086,0.0000020591
0.0031162557,0.0003904006,0.8502673797,0.3262032086,0.0000016318
0.0018979291,0.0003806024,0.8502673797,0.3262032086,0.0000012574
0.0011204334,0.0003727911,0.8502673797,0.3262032086,0.0000009562
1146.1253850981,0.0003752439,0.8502673797,0.3262032086,0.0009702434
804.0787258947,0.0003950788,0.8502673797,0.3262032086,0.0008338711
397.4989650669,0.0003698570,0.8502673797,0.3262032086,0.0005672738
281.2053345390,0.0003661048,0.8502673797,0.3262032086,0.0004747034
161.8479977329,0.0003901500,0.8502673797,0.3262032086,0.0003717725
109.8072429797,0.0003954874,0.8502673797,0.3262032086,0.0003083114
66.1087878318,0.0003667291,0.8502673797,0.3262032086,0.0002303616
38.4660369762,0.0003763275,0.8502673797,0.3262032086,0.0001780039
22.5649561099,0.0003335020,0.8502673797,0.3262032086,0.0001283436
14.9717817983,0.0003843069,0.8502673797,0.3262032086,0.0001122235
10.8965789223,0.0003896589,0.8502673797,0.3262032086,0.0000964040
6.0030282467,0.0003834455,0.8502673797,0.3262032086,0.0000709814
3.3446358166,0.0003644034,0.8502673797,0.3262032086,0.0000516504
2.2615397387,0.0003912899,0.8502673797,0.3262032086,0.0000440108
1.4686993499,0.0004103679,0.8502673797,0.3262032086,0.0000363213
0.8222356855,0.0003676674,0.8502673797,0.3262032086,0.0000257237
0.4640368293,0.0003577704,0.8502673797,0.3262032086,0.0000190628
0.3324122788,0.0003603349,0.8502673797,0.3262032086,0.0000161920
0.2237918640,0.0003991627,0.8502673797,0.3262032086,0.0000139831
0.1238848635,0.0003870040,0.8502673797,0.3262032086,0.0000102441
0.0819845013,0.0003678146,0.8502673797,0.3262032086,0.0000081243
0.0548765423,0.0003965901,0.8502673797,0.3262032086,0.0000069020
0.0345523482,0.0003948434,0.8502673797,0.3262032086,0.0000054646
0.0196685411,0.0003814073,0.8502673797,0.3262032086,0.0000040522
0.0107789899,0.0003692603,0.8502673797,0.3262032086,0.0000029516
0.0063312588,0.0003524115,0.8502673797,0.3262032086,0.0000022099
0.0045260418,0.0003494483,0.8502673797,0.3262032086,0.0000018606
0.0031169068,0.0003893290,0.8502673797,0.3262032086,0.0000016298
0.0017464350,0.0003839943,0.8502673797,0.3262032086,0.0000012116
0.0010360561,0.0003566059,0.8502673797,0.3262032086,0.0000008993
565.6727564990,0.0001769443,0.9251336898,0.2513368984,0.0004680678
289.3795878770,0.0001711318,0.9251336898,0.2513368984,0.0003292358
198.3170644674,0.0001614146,0.9251336898,0.2513368984,0.0002647033
138.9114855078,0.0001885980,0.9251336898,0.2513368984,0.0002394669
73.5665883880,0.0001654623,0.9251336898,0.2513368984,0.0001632291
48.1161499713,0.0001701131,0.9251336898,0.2513368984,0.0001338511
28.1034511897,0.0001686187,0.9251336898,0.2513368984,0.0001018452
19.1524122906,0.0001726454,0.9251336898,0.2513368984,0.0000850740
11.4703826828,0.0001806376,0.9251336898,0.2513368984,0.0000673443
6.6841078325,0.0001703348,0.9251336898,0.2513368984,0.0000499208
4.6693575722,0.0001674551,0.9251336898,0.2513368984,0.0000413700
2.5070814672,0.0001630341,0.9251336898,0.2513368984,0.0000299110
1.6189751059,0.0001692103,0.9251336898,0.2513368984,0.0000244873
1.1513760001,0.0001843096,0.9251336898,0.2513368984,0.0000215521
0.6900748923,0.0001866350,0.9251336898,0.2513368984,0.0000167901
0.4539136364,0.0001844133,0.9251336898,0.2513368984,0.0000135360
0.2052694444,0.0001500386,0.9251336898,0.2513368984,0.0000082105
0.1698014099,0.0001882470,0.9251336898,0.2513368984,0.0000083645
0.0906564097,0.0001704733,0.9251336898,0.2513368984,0.0000058161
0.0572968215,0.0001632843,0.9251336898,0.2513368984,0.0000045253
0.0338181801,0.0001593317,0.9251336898,0.2513368984,0.0000034343
0.0261412840,0.0001843077,0.9251336898,0.2513368984,0.0000032475
0.0142009280,0.0001711396,0.9251336898,0.2513368984,0.0000023064
0.0103532440,0.0001998862,0.9251336898,0.2513368984,0.0000021283
0.0050357595,0.0001676495,0.9251336898,0.2513368984,0.0000013594
0.0031162211,0.0001735078,0.9251336898,0.2513368984,0.0000010879
0.0019956295,0.0001692431,0.9251336898,0.2513368984,0.0000008598
0.0014690997,0.0001814117,0.9251336898,0.2513368984,0.0000007638
0.0008344039,0.0001676061,0.9251336898,0.2513368984,0.0000005533
0.0004600310,0.0001644478,0.9251336898,0.2513368984,0.0000004069
575.7186990482,0.0001790908,0.9251336898,0.2513368984,0.0004750613
346.1322902123,0.0001678472,0.9251336898,0.2513368984,0.0003566038
189.6330619623,0.0001629389,0.9251336898,0.2513368984,0.0002600622
136.2317824317,0.0001801760,0.9251336898,0.2513368984,0.0002317904
71.7215314537,0.0001662271,0.9251336898,0.2513368984,0.0001615413
49.6710203323,0.0001880306,0.9251336898,0.2513368984,0.0001429794
31.9712756081,0.0001748107,0.9251336898,0.2513368984,0.0001106042
16.7834299891,0.0001796838,0.9251336898,0.2513368984,0.0000812461
10.7319533782,0.0001725407,0.9251336898,0.2513368984,0.0000636639
7.8513532252,0.0001845295,0.9251336898,0.2513368984,0.0000563136
4.2099175726,0.0001738277,0.9251336898,0.2513368984,0.0000400225
2.5686483524,0.0001596933,0.9251336898,0.2513368984,0.0000299643
1.6201346036,0.0001683518,0.9251336898,0.2513368984,0.0000244339
1.0958305871,0.0001802222,0.9251336898,0.2513368984,0.0000207914
0.6442978986,0.0001806555,0.9251336898,0.2513368984,0.0000159616
0.3753905571,0.0001847306,0.9251336898,0.2513368984,0.0000123202
0.2527669490,0.0001672898,0.9251336898,0.2513368984,0.0000096206
0.1315473677,0.0001685913,0.9251336898,0.2513368984,0.0000069673
0.1062417459,0.0001901641,0.9251336898,0.2513368984,0.0000066500
0.0542595989,0.0001738015,0.9251336898,0.2513368984,0.0000045433
0.0340136747,0.0001605959,0.9251336898,0.2513368984,0.0000034578
0.0241160404,0.0001711235,0.9251336898,0.2513368984,0.0000030055
0.0142167138,0.0001714831,0.9251336898,0.2513368984,0.0000023100
0.0099179681,0.0001944721,0.9251336898,0.2513368984,0.0000020547
0.0055015635,0.0001769899,0.9251336898,0.2513368984,0.0000014599
0.0034293124,0.0001727881,0.9251336898,0.2513368984,0.0000011389
0.0018986341,0.0001658535,0.9251336898,0.2513368984,0.0000008302
0.0012725586,0.0001649901,0.9251336898,0.2513368984,0.0000006779
0.0008291293,0.0001753241,0.9251336898,0.2513368984,0.0000005641
0.0005169365,0.0001850414,0.9251336898,0.2513368984,0.0000004576
209.3085157798,0.0000737752,1.0000000000,0.1764705882,0.0001838469
115.1851758276,0.0000691085,1.0000000000,0.1764705882,0.0001319993
68.7496420928,0.0000617501,1.0000000000,0.1764705882,0.0000963966
47.1729377304,0.0000680100,1.0000000000,0.1764705882,0.0000837994
32.3506162928,0.0000665757,1.0000000000,0.1764705882,0.0000686605
16.4629378244,0.0000639416,1.0000000000,0.1764705882,0.0000480013
10.9163522424,0.0000696616,1.0000000000,0.1764705882,0.0000407984
7.2014979405,0.0000675450,1.0000000000,0.1764705882,0.0000326299
3.9351145871,0.0000633288,1.0000000000,0.1764705882,0.0000233554
2.3438430291,0.0000653161,1.0000000000,0.1764705882,0.0000183055
1.9068777169,0.0000723090,1.0000000000,0.1764705882,0.0000173726
1.0843509411,0.0000726883,1.0000000000,0.1764705882,0.0000131348
0.6324079981,0.0000693198,1.0000000000,0.1764705882,0.0000097957
0.4326885629,0.0000664380,1.0000000000,0.1764705882,0.0000079324
0.2516188131,0.0000679690,1.0000000000,0.1764705882,0.0000061184
0.1886081375,0.0000716743,1.0000000000,0.1764705882,0.0000054396
0.0953185723,0.0000731943,1.0000000000,0.1764705882,0.0000039078
0.0663114171,0.0000695268,1.0000000000,0.1764705882,0.0000031767
0.0468610589,0.0000740259,1.0000000000,0.1764705882,0.0000027555
0.0269941140,0.0000694385,1.0000000000,0.1764705882,0.0000020255
0.0145431172,0.0000725652,1.0000000000,0.1764705882,0.0000015198
0.0082812269,0.0000633477,1.0000000000,0.1764705882,0.0000010716
0.0055966742,0.0000671217,1.0000000000,0.1764705882,0.0000009068
0.0035981180,0.0000714727,1.0000000000,0.1764705882,0.0000007503
0.0023235401,0.0000756422,1.0000000000,0.1764705882,0.0000006202
0.0012728254,0.0000667196,1.0000000000,0.1764705882,0.0000004311
0.0007485857,0.0000669685,1.0000000000,0.1764705882,0.0000003313
0.0005166935,0.0000686483,1.0000000000,0.1764705882,0.0000002786
0.0003762934,0.0000689794,1.0000000000,0.1764705882,0.0000002384
0.0001953332,0.0000673230,1.0000000000,0.1764705882,0.0000001697
189.9455122065,0.0000637959,1.0000000000,0.1764705882,0.0001628616
133.7913893276,0.0000733363,1.0000000000,0.1764705882,0.0001465485
76.2651673204,0.0000662744,1.0000000000,0.1764705882,0.0001051826
55.1803918276,0.0000752461,1.0000000000,0.1764705882,0.0000953328
33.7997957663,0.0000709629,1.0000000000,0.1764705882,0.0000724570
20.2844771792,0.0000748851,1.0000000000,0.1764705882,0.0000576617
10.6016234850,0.0000677276,1.0000000000,0.1764705882,0.0000396439
8.4289501360,0.0000730681,1.0000000000,0.1764705882,0.0000367163
3.8519427525,0.0000643711,1.0000000000,0.1764705882,0.0000232966
2.5349051776,0.0000653575,1.0000000000,0.1764705882,0.0000190430
1.6563519176,0.0000627679,1.0000000000,0.1764705882,0.0000150853
1.0198925358,0.0000689559,1.0000000000,0.1764705882,0.0000124071
0.6898178385,0.0000731516,1.0000000000,0.1764705882,0.0000105096
0.4059329185,0.0000700451,1.0000000000,0.1764705882,0.0000078890
0.2310180389,0.0000645011,1.0000000000,0.1764705882,0.0000057110
0.1493121785,0.0000640458,1.0000000000,0.1764705882,0.0000045751
0.1032643435,0.0000677160,1.0000000000,0.1764705882,0.0000039123
0.0634777780,0.0000754013,1.0000000000,0.1764705882,0.0000032367
0.0408078521,0.0000686198,1.0000000000,0.1764705882,0.0000024757
0.0242718584,0.0000698450,1.0000000000,0.1764705882,0.0000019263
0.0143748886,0.0000692719,1.0000000000,0.1764705882,0.0000014763
0.0098126835,0.0000693839,1.0000000000,0.1764705882,0.0000012208
0.0052085901,0.0000663043,1.0000000000,0.1764705882,0.0000008694
0.0030731115,0.0000672343,1.0000000000,0.1764705882,0.0000006725
0.0022923631,0.0000690445,1.0000000000,0.1764705882,0.0000005886
0.0012807412,0.0000635343,1.0000000000,0.1764705882,0.0000004220
0.0009096532,0.0000736801,1.0000000000,0.1764705882,0.0000003830
0.0004489095,0.0000661291,1.0000000000,0.1764705882,0.0000002549
0.0003083545,0.0000684839,1.0000000000,0.1764705882,0.0000002150
0.0002103755,0.0000724833,1.0000000000,0.1764705882,0.0000001827
